review_id,pc1,pc2,cluster,archetype,k,robustness_score,frac_significant,frac_reversed,pi_ci_ratio,I2,tau2,orb_score,excess_significance,entropy_nei,n_modes,skewness,kurtosis,volatility,n_flips,stabilizes,n_pathologies,correction_pct,pct_sampling,pct_heterogeneity,pct_bias,adversarial_gap,split_verdict,cov_conformal,cov_standard,width_ratio
CD000028,-1.8355,1.8866,2,Healthy,21.0,66.67,0.6667,0.0,1.07,0.0,0.0,10.0,-0.57,0.0952,3.0,-1.946,7.993,5.56,1.0,1.0,2.0,7.0,70.1,0.0,29.9,0.1553,1.0,0.81,0.333,4.643
CD000143,2.0762,-1.155,1,Moderate,12.0,87.55,0.1245,0.0,3.17,70.0,0.3053,40.0,1.9,0.2927,3.0,-0.051,1.903,19.44,6.0,0.0,1.0,7.0,12.8,86.3,0.7,0.1234,1.0,0.75,0.75,0.982
CD000219,1.6333,0.2028,1,Moderate,21.0,49.06,0.4906,0.0,2.82,35.7,0.0264,35.0,1.94,0.1822,4.0,-1.117,14.263,8.33,3.0,1.0,1.0,0.0,14.3,85.2,0.0,0.0408,1.0,0.81,0.667,2.282
CD000478,-2.1805,0.9627,2,Healthy,13.0,69.05,0.6905,0.0,1.12,0.0,0.0,10.0,0.97,0.1239,2.0,-0.741,2.782,10.0,2.0,1.0,1.0,0.0,100.0,0.0,0.0,0.1412,1.0,0.769,0.385,3.622
CD000547,2.1466,0.6077,1,Moderate,48.0,66.6,0.666,0.0,5.39,70.7,0.7851,25.0,-4.48,0.1434,1.0,0.741,0.143,0.83,1.0,1.0,3.0,57.3,1.5,38.6,57.5,0.5351,1.0,0.896,0.875,1.221
CD001155,2.2013,0.8022,1,Moderate,59.0,93.81,0.0619,0.0,4.61,40.5,0.1319,40.0,5.2,0.1165,4.0,0.532,4.332,0.45,0.0,0.0,3.0,4.9,4.9,94.8,0.2,0.0034,1.0,0.881,0.678,1.826
CD001321,3.1565,1.2313,1,Moderate,27.0,57.82,0.5782,0.0,3.91,66.2,0.1057,35.0,0.08,0.166,4.0,-1.759,3.6,14.58,9.0,1.0,3.0,46.0,4.2,54.1,34.2,0.1603,1.0,0.889,0.741,1.369
CD001396,0.9708,1.6017,1,Moderate,30.0,66.67,0.6667,0.0,3.08,28.4,0.0676,15.0,1.52,0.1356,4.0,2.567,10.375,1.39,1.0,1.0,2.0,18.3,4.8,36.6,58.2,0.7502,1.0,0.9,0.7,2.199
CD001431,3.4295,1.6755,1,Moderate,61.0,93.78,0.0,0.0,5.01,64.1,0.0353,65.0,10.86,0.1523,8.0,0.477,21.483,0.43,0.0,0.0,3.0,99.4,4.0,93.0,1.2,0.033,0.0,0.869,0.623,2.316
CD001533,0.2277,2.5409,1,Moderate,21.0,81.67,0.0815,0.0,1.91,16.1,0.0122,50.0,2.02,0.1298,9.0,6.43,109.756,5.56,2.0,0.0,1.0,0.0,31.1,68.7,0.0,0.0371,1.0,0.857,0.524,6.509
CD001703,-1.9027,1.5797,2,Healthy,21.0,68.18,0.6818,0.0,1.07,0.0,0.0,0.0,-0.64,0.0893,1.0,0.499,1.186,5.56,2.0,1.0,1.0,10.7,41.1,0.0,58.9,0.411,1.0,1.0,0.429,6.586
CD001797,-1.9936,-0.1529,2,Healthy,5.0,66.67,0.6667,0.0,1.62,0.0,0.0,25.0,1.02,0.1707,1.0,0.388,0.757,25.0,1.0,1.0,0.0,0.0,100.0,0.0,0.0,0.3221,1.0,1.0,0.4,1.991
CD001837,2.137,1.6294,1,Moderate,49.0,66.67,0.6667,0.0,4.57,45.7,0.0328,25.0,1.5,0.1449,3.0,0.874,3.307,1.09,1.0,1.0,3.0,48.5,2.1,39.0,58.2,0.1644,1.0,0.878,0.653,1.61
CD001909,-2.7697,2.7045,2,Healthy,25.0,100.0,1.0,0.0,1.06,0.0,0.0,10.0,-1.68,0.0827,2.0,0.758,0.537,9.09,4.0,1.0,2.0,0.0,100.0,0.0,0.0,0.0624,0.0,1.0,0.12,8.142
CD002042,3.7444,0.3118,1,Moderate,53.0,100.0,1.0,0.0,6.92,96.3,0.1024,50.0,-3.92,0.267,3.0,-1.219,2.382,1.25,2.0,1.0,3.0,24.3,1.6,71.0,18.0,0.081,0.0,0.962,0.906,2.073
CD002112,2.2888,1.2836,1,Moderate,21.0,66.67,0.6667,0.0,3.0,42.2,0.0275,50.0,2.14,0.1673,3.0,2.166,10.652,8.33,4.0,1.0,3.0,22.7,9.4,65.2,19.7,0.1537,1.0,0.81,0.667,2.308
CD002115,2.3784,-0.7942,1,Moderate,5.0,39.95,0.3995,0.0,3.32,74.8,0.2031,40.0,1.78,0.3068,2.0,2.941,9.126,25.0,1.0,1.0,2.0,50.9,6.7,21.1,67.6,0.5076,1.0,1.0,1.0,0.793
CD002122,5.1715,0.6322,1,Moderate,56.0,48.54,0.012,0.0011,5.41,82.0,0.3445,90.0,12.87,0.1827,2.0,-0.201,6.307,8.02,7.0,0.0,3.0,59.1,3.0,81.4,14.2,0.0,1.0,0.821,0.589,2.045
CD002203,2.3551,0.3876,1,Moderate,50.0,28.23,0.7177,0.0,4.37,38.8,0.104,40.0,4.52,0.105,1.0,0.965,1.644,0.53,0.0,0.0,3.0,60.7,4.9,84.2,7.2,0.1514,1.0,0.88,0.72,2.036
CD002243,4.9013,4.9131,1,Moderate,180.0,49.5,0.495,0.0,5.73,25.8,0.0111,50.0,4.23,0.0766,6.0,-1.529,11.887,3.95,14.0,1.0,2.0,39.4,2.0,63.1,34.7,0.0482,1.0,0.894,0.5,3.442
CD002290,2.591,-0.3381,1,Moderate,16.0,63.4,0.634,0.0,3.79,81.4,0.1187,40.0,0.12,0.2858,1.0,-1.57,2.826,7.69,2.0,1.0,3.0,59.0,2.9,31.8,57.1,0.1101,1.0,0.812,0.812,1.089
CD002303,1.3058,-1.7652,1,Moderate,5.0,64.29,0.6429,0.0,3.05,57.2,0.0268,25.0,-0.5,0.2742,2.0,0.866,0.196,25.0,2.0,1.0,0.0,0.0,28.3,71.3,0.0,0.0318,1.0,1.0,1.0,1.019
CD002971,-1.385,0.7212,2,Healthy,10.0,60.03,0.6003,0.0,1.35,2.9,0.0126,0.0,0.37,0.1297,1.0,-0.11,-0.532,35.71,3.0,1.0,1.0,13.3,50.6,16.3,33.0,0.3868,1.0,1.0,0.4,5.224
CD003218,-3.289,-0.8122,2,Healthy,5.0,66.67,0.0,0.0,1.62,0.0,0.0,0.0,-0.4,0.1464,2.0,2.146,3.487,0.0,0.0,0.0,1.0,0.0,100.0,0.0,0.0,0.8574,0.0,0.8,0.8,1.4
CD003331,-3.1354,1.6953,2,Healthy,35.0,67.59,0.0,0.0,1.04,0.0,0.0,10.0,-1.06,0.0734,2.0,-0.971,0.413,0.0,0.0,0.0,2.0,75.3,58.4,0.0,41.6,0.2785,0.0,1.0,0.171,8.107
CD003357,1.3894,-1.3641,1,Moderate,7.0,44.84,0.4484,0.0,3.04,66.9,0.2212,15.0,-0.83,0.217,2.0,0.848,-1.095,18.75,2.0,1.0,1.0,20.4,15.5,67.6,0.0,0.1796,1.0,1.0,1.0,1.784
CD003376,-3.2581,0.8572,2,Healthy,15.0,91.67,0.0,0.0,1.1,0.0,0.0,0.0,0.25,0.1265,2.0,-0.929,0.206,0.0,0.0,0.0,1.0,44.9,43.5,0.0,56.5,0.3299,0.0,1.0,0.2,5.991
CD003414,-3.5551,-0.2638,2,Healthy,16.0,61.06,0.0,0.0,1.09,0.0,0.0,15.0,1.32,0.1085,2.0,-1.238,0.927,0.0,0.0,0.0,0.0,0.0,100.0,0.0,0.0,0.1388,0.0,1.0,0.438,4.636
CD003429,-2.0343,0.2246,2,Healthy,6.0,65.08,0.0635,0.0476,1.42,0.0,0.0,0.0,-0.5,0.1032,2.0,1.295,0.197,0.0,0.0,0.0,1.0,70.6,19.5,0.0,80.5,1.347,1.0,1.0,0.667,3.003
CD003477,-1.2426,-2.1512,3,Pathological,11.0,69.44,0.0,0.0,2.42,31.6,0.0427,0.0,-0.39,0.1953,1.0,-0.329,-0.134,0.0,0.0,0.0,0.0,0.0,22.8,77.2,0.0,0.9867,0.0,0.909,0.818,1.251
CD003511,-3.1819,-0.1117,2,Healthy,8.0,92.95,0.0335,0.0,1.25,0.0,0.0,10.0,0.56,0.1294,2.0,-1.798,3.528,0.0,0.0,0.0,1.0,0.0,100.0,0.0,0.0,0.1319,1.0,1.0,0.5,5.501
CD003519,1.3375,0.7843,1,Moderate,15.0,52.08,0.5208,0.0,2.51,35.4,0.0166,35.0,1.57,0.1467,3.0,0.443,3.8,8.33,1.0,1.0,3.0,10.6,15.2,63.7,18.2,0.1086,1.0,1.0,0.667,3.249
CD003594,-0.0501,-2.1029,3,Pathological,11.0,87.17,0.1283,0.0,2.69,45.7,0.7249,0.0,0.77,0.2301,1.0,-0.455,1.431,15.62,2.0,0.0,0.0,0.0,18.4,81.5,0.0,0.0,1.0,0.909,0.818,1.359
CD003598,-2.0806,3.2793,2,Healthy,21.0,79.29,0.7929,0.0,1.07,0.0,0.0,20.0,-1.74,0.1128,6.0,0.555,15.86,5.56,1.0,1.0,2.0,0.1,100.0,0.0,0.0,0.0173,1.0,0.905,0.286,10.95
CD003743,-2.1196,-0.1283,2,Healthy,6.0,84.13,0.8413,0.0,1.42,0.0,0.0,0.0,-0.77,0.0507,2.0,-1.01,3.841,16.67,1.0,1.0,1.0,3.7,93.4,0.0,6.6,0.0382,1.0,0.833,1.0,0.462
CD003774,-1.8986,2.9768,2,Healthy,42.0,100.0,1.0,0.0,1.03,0.0,0.0,10.0,0.21,0.0916,2.0,-0.438,0.973,1.28,1.0,1.0,2.0,5.7,36.1,0.0,63.9,0.1783,0.0,0.857,0.19,6.964
CD003962,-2.4176,0.8524,2,Healthy,6.0,85.71,0.1429,0.0,1.42,0.1,0.0002,10.0,-0.45,0.1256,2.0,3.296,13.048,0.0,0.0,0.0,2.0,27.9,63.4,0.5,36.1,0.2191,1.0,0.5,0.5,2.533
CD004184,-0.7602,-0.9861,3,Pathological,7.0,76.19,0.0,0.0,2.2,35.9,0.0397,30.0,0.49,0.1604,4.0,-4.467,28.198,0.0,0.0,0.0,1.0,0.0,35.1,63.6,0.0,0.1001,0.0,1.0,0.714,3.264
CD004307,0.6317,1.33,1,Moderate,42.0,100.0,1.0,0.0,2.93,22.5,0.0343,35.0,1.53,0.1067,3.0,-0.197,3.304,2.56,2.0,1.0,1.0,0.0,12.4,87.6,0.0,0.0211,0.0,0.929,0.452,3.336
CD004376,-2.7647,3.7244,2,Healthy,104.0,100.0,0.0,0.0,1.01,0.0,0.0,10.0,-0.9,0.0739,4.0,0.597,3.058,0.0,0.0,0.0,2.0,76.6,58.8,0.0,41.2,0.1339,0.0,0.885,0.212,12.506
CD004406,-2.253,-0.4558,2,Healthy,6.0,85.71,0.1429,0.0,1.42,0.0,0.0,0.0,-0.39,0.045,2.0,-0.229,-1.483,0.0,0.0,0.0,1.0,58.7,38.0,0.0,62.0,0.2203,1.0,1.0,1.0,0.651
CD004417,2.5288,-0.8719,1,Moderate,17.0,96.3,0.963,0.0,4.05,84.2,0.9622,30.0,0.75,0.3326,1.0,-0.478,-0.024,0.89,1.0,1.0,2.0,9.7,4.7,60.9,32.3,1.7832,1.0,0.882,0.882,0.99
CD004508,0.2717,-2.7035,3,Pathological,6.0,51.7,0.0091,0.0091,3.07,66.6,0.1183,15.0,0.73,0.2874,2.0,0.389,-0.993,0.0,0.0,0.0,0.0,0.0,21.2,78.3,0.0,0.2617,0.0,1.0,1.0,1.584
CD004661,-3.9512,0.3771,2,Healthy,12.0,87.55,0.0,0.0,1.14,0.0,0.0,10.0,-0.43,0.0426,2.0,0.32,-1.736,0.0,0.0,0.0,1.0,0.0,100.0,0.0,0.0,0.0946,0.0,1.0,0.333,3.219
CD004667,0.6823,-0.7066,1,Moderate,16.0,34.08,0.3408,0.0,2.37,25.1,0.0071,25.0,1.49,0.1564,2.0,-2.322,13.781,5.77,1.0,1.0,1.0,19.3,18.6,68.8,12.4,0.013,1.0,0.875,0.812,2.007
CD004736,2.5269,0.679,1,Moderate,14.0,66.24,0.6624,0.0,3.26,82.3,0.3747,65.0,1.91,0.2094,3.0,-2.018,5.467,0.0,0.0,1.0,3.0,55.4,2.7,20.1,70.1,0.4418,1.0,0.857,0.714,1.278
CD004762,2.5276,-0.2686,1,Moderate,5.0,26.98,0.2698,0.0,3.17,79.3,0.036,75.0,1.93,0.246,3.0,-6.561,75.797,6.25,1.0,1.0,2.0,46.7,8.6,24.2,62.4,0.1327,1.0,0.6,0.6,0.68
CD004871,2.2569,-2.776,1,Moderate,5.0,26.46,0.4312,0.1667,3.34,66.6,0.0768,15.0,-0.96,0.3772,1.0,-1.7,1.872,37.5,2.0,1.0,1.0,0.0,23.2,74.8,0.0,0.7534,1.0,1.0,1.0,0.866
CD004925,-1.5713,2.6833,2,Healthy,31.0,66.67,0.6667,0.0,1.04,0.0,0.0,0.0,0.39,0.0933,3.0,-0.519,2.485,1.79,1.0,1.0,1.0,17.6,17.9,0.0,82.1,0.4756,1.0,1.0,0.226,8.335
CD004953,0.1267,-0.8648,3,Pathological,11.0,18.25,0.0,0.0,2.3,32.7,0.0631,20.0,-0.28,0.1436,3.0,0.344,1.933,0.0,0.0,0.0,3.0,1865.9,23.1,68.6,7.9,0.3749,0.0,0.909,0.727,1.532
CD005133,0.8221,2.5831,1,Moderate,39.0,10.99,0.1099,0.0,1.94,7.4,0.0067,20.0,0.96,0.1018,5.0,-2.427,22.298,18.75,9.0,0.0,3.0,45.6,14.7,36.9,48.0,0.0473,1.0,0.795,0.308,5.299
CD005187,-0.5305,-1.3462,3,Pathological,5.0,66.67,0.6667,0.0,2.23,17.5,0.0045,0.0,0.73,0.2124,1.0,0.353,-1.229,0.0,0.0,1.0,1.0,0.0,52.8,47.2,0.0,0.1563,1.0,1.0,1.0,0.972
CD005343,2.6458,1.805,1,Moderate,31.0,66.67,0.6667,0.0,3.19,57.0,0.1491,65.0,2.56,0.1389,4.0,-2.584,9.852,5.36,4.0,1.0,3.0,42.6,5.2,43.5,39.9,0.1797,1.0,1.0,0.548,3.615
CD005495,-2.3699,-0.0669,2,Healthy,9.0,64.29,0.0333,0.0333,1.21,0.0,0.0,0.0,-0.35,0.139,2.0,-0.448,2.475,0.0,0.0,0.0,1.0,169.4,18.6,0.0,81.4,1.2686,0.0,0.889,0.667,2.92
CD005566,-1.9132,7.22,2,Healthy,28.0,90.42,0.9042,0.0,1.05,0.0,0.0,20.0,-1.48,0.0695,5.0,-0.045,3.336,5.0,2.0,1.0,3.0,29.2,16.1,0.0,0.0,0.2002,1.0,1.0,0.071,45.212
CD005595,-3.6286,1.6944,2,Healthy,32.0,100.0,0.0,0.0,1.04,0.0,0.0,10.0,-0.32,0.0878,2.0,-1.404,3.685,0.0,0.0,0.0,2.0,14.9,85.2,0.0,14.8,0.0453,0.0,1.0,0.219,11.51
CD005951,-0.3942,-1.6517,3,Pathological,7.0,79.96,0.0754,0.0,2.29,34.4,0.0579,25.0,1.05,0.2029,2.0,-1.613,3.736,12.5,1.0,0.0,0.0,0.0,32.2,66.3,0.0,0.0072,1.0,1.0,0.714,2.147
CD006023,0.6801,0.156,1,Moderate,18.0,71.93,0.7193,0.0,3.06,49.5,0.2555,10.0,-1.93,0.1071,2.0,-1.142,0.305,1.67,1.0,1.0,2.0,22.1,8.2,57.4,19.1,0.5637,1.0,1.0,0.833,3.174
CD006124,2.0834,-3.3135,3,Pathological,6.0,76.19,0.068,0.0,3.35,80.4,0.4487,60.0,2.83,0.4301,1.0,-0.63,-0.685,0.0,0.0,0.0,0.0,1922.9,8.3,38.2,52.6,0.0,1.0,1.0,1.0,0.686
CD006140,2.445,0.2105,1,Moderate,8.0,39.68,0.3968,0.0,2.93,85.4,0.0204,60.0,0.61,0.1463,3.0,-6.723,46.393,15.0,3.0,1.0,3.0,75.6,4.5,20.2,53.5,0.0,1.0,1.0,0.75,2.588
CD006185,1.4661,1.1711,1,Moderate,78.0,70.46,0.7046,0.0,4.65,28.7,0.1663,0.0,-0.2,0.089,3.0,0.249,-0.464,1.33,2.0,1.0,1.0,8.0,4.6,91.3,4.1,0.1656,1.0,0.897,0.628,1.626
CD006257,-0.901,1.2764,2,Healthy,9.0,89.05,0.0238,0.0,1.93,22.6,0.0216,20.0,-0.56,0.1395,4.0,0.075,30.873,16.67,2.0,0.0,2.0,30.2,35.5,55.0,7.6,0.0,1.0,1.0,0.444,11.985
CD006404,2.7468,2.5737,1,Moderate,112.0,65.05,0.3495,0.0,4.8,27.5,0.0422,50.0,5.59,0.0782,5.0,0.014,6.592,1.15,0.0,0.0,3.0,26.6,4.2,90.6,3.7,0.0163,1.0,0.893,0.482,3.653
CD006475,2.0746,0.8675,1,Moderate,27.0,60.09,0.6009,0.0,2.98,32.4,0.0271,50.0,2.48,0.1424,3.0,-0.116,2.64,9.38,7.0,1.0,1.0,0.0,12.3,87.0,0.0,0.0253,1.0,0.889,0.519,2.312
CD006515,-3.1729,-1.5604,2,Healthy,5.0,72.22,0.0556,0.0556,1.62,0.0,0.0,0.0,-0.21,0.1093,1.0,-0.256,-0.819,0.0,0.0,0.0,1.0,0.0,100.0,0.0,0.0,0.0054,0.0,1.0,1.0,0.869
CD006536,-3.7573,1.497,2,Healthy,43.0,98.48,0.0152,0.0,1.03,0.0,0.0,0.0,-0.48,0.067,2.0,0.467,-0.753,0.0,0.0,0.0,1.0,0.0,100.0,0.0,0.0,0.4364,1.0,1.0,0.14,7.371
CD006632,3.3905,1.4425,1,Moderate,23.0,76.39,0.7639,0.0,3.29,62.5,0.4923,75.0,5.13,0.2171,5.0,-2.2,21.626,5.0,3.0,1.0,3.0,23.5,7.3,63.1,23.1,0.3465,1.0,0.826,0.565,2.041
CD006689,-0.8643,0.1407,2,Healthy,5.0,16.14,0.1614,0.0,1.62,0.0,0.0,0.0,0.21,0.1643,2.0,1.892,4.456,25.0,1.0,0.0,3.0,34.9,30.8,0.0,69.2,1.4198,1.0,0.8,0.8,1.137
CD006913,2.5162,-0.1237,1,Moderate,29.0,30.85,0.3085,0.0,3.99,70.7,0.0073,35.0,-1.1,0.1583,4.0,-10.493,146.277,6.25,3.0,0.0,4.0,35.6,5.3,71.7,0.0,0.0754,1.0,0.966,0.828,5.2
CD006919,0.4926,0.1297,1,Moderate,19.0,62.38,0.6238,0.0,2.58,26.8,0.12,0.0,-0.02,0.1505,2.0,0.569,0.209,10.94,4.0,1.0,1.0,21.1,14.4,68.6,16.9,0.1477,1.0,0.895,0.684,1.926
CD007024,-2.8101,1.0711,2,Healthy,18.0,91.23,0.0702,0.0,1.08,0.0,0.0,20.0,-0.1,0.079,3.0,-1.26,5.091,0.0,0.0,0.0,2.0,8.5,91.1,0.0,8.9,0.0233,1.0,0.833,0.444,5.767
CD007026,-3.0505,0.5873,2,Healthy,7.0,87.5,0.0417,0.0,1.31,0.0,0.0,10.0,-0.22,0.0805,4.0,2.563,12.688,0.0,0.0,0.0,1.0,0.0,100.0,0.0,0.0,0.0736,1.0,0.571,0.571,1.105
CD007079,1.0425,-0.2374,3,Pathological,10.0,7.65,0.0765,0.0,2.54,55.9,0.0426,35.0,0.58,0.167,3.0,-3.337,14.591,5.36,0.0,0.0,3.0,39.7,12.7,46.5,34.6,0.0,1.0,0.7,0.6,1.418
CD007130,1.2898,0.8932,1,Moderate,26.0,58.32,0.1205,0.0,3.23,47.5,0.0035,30.0,0.76,0.1535,4.0,3.276,17.854,4.35,2.0,0.0,3.0,89.2,6.9,58.4,23.8,0.0036,1.0,0.923,0.654,2.689
CD007310,-3.7497,-1.0172,2,Healthy,7.0,95.83,0.0,0.0,1.31,0.0,0.0,0.0,-0.3,0.0296,1.0,1.082,0.26,0.0,0.0,0.0,1.0,0.0,100.0,0.0,0.0,0.7611,0.0,0.857,1.0,0.64
CD007374,-3.409,-1.3537,2,Healthy,6.0,95.24,0.0476,0.0,1.42,0.0,0.0,0.0,-0.23,0.0697,1.0,0.691,0.244,0.0,0.0,0.0,0.0,0.0,100.0,0.0,0.0,0.7776,1.0,0.833,1.0,0.789
CD007491,-0.3628,-1.9638,3,Pathological,8.0,83.95,0.0282,0.0,2.45,41.2,0.0507,20.0,0.69,0.1864,2.0,-1.213,1.524,0.0,0.0,0.0,0.0,0.0,25.4,72.2,0.0,0.0,1.0,1.0,0.875,1.334
CD007569,-1.8371,-1.2779,3,Pathological,6.0,79.37,0.1111,0.0,1.9,11.9,0.0031,10.0,-0.54,0.1404,2.0,0.806,-0.711,0.0,0.0,0.0,0.0,0.0,54.7,44.1,0.0,0.1388,1.0,1.0,0.833,2.039
CD007572,1.5062,-0.4567,1,Moderate,10.0,66.67,0.6667,0.0,3.04,64.5,0.0075,15.0,0.2,0.2951,2.0,-2.242,7.064,14.29,1.0,1.0,2.0,49.6,4.1,23.0,72.4,0.1952,1.0,0.9,0.8,1.314
CD007639,0.7905,-2.9511,3,Pathological,5.0,34.92,0.0106,0.0106,3.3,69.4,0.1657,30.0,1.84,0.3023,2.0,-0.848,-0.9,0.0,0.0,0.0,0.0,0.0,23.8,74.5,0.0,0.3338,0.0,1.0,1.0,0.635
CD007674,4.5315,0.4767,1,Moderate,28.0,55.17,0.5517,0.0,4.61,78.7,0.2472,80.0,4.36,0.2382,2.0,0.223,1.175,12.0,7.0,1.0,3.0,34.8,3.8,69.7,24.4,0.1285,1.0,0.893,0.75,1.498
CD007784,0.7997,1.1911,1,Moderate,13.0,100.0,1.0,0.0,2.39,38.9,0.0072,50.0,3.49,0.1326,4.0,-3.529,19.744,0.0,0.0,1.0,2.0,10.6,13.4,47.3,32.6,0.0777,0.0,0.769,0.538,2.195
CD007896,-1.7997,2.61,2,Healthy,35.0,67.59,0.6759,0.0,1.04,0.0,0.0,0.0,0.77,0.0898,2.0,0.735,1.15,3.12,2.0,1.0,1.0,8.7,40.8,0.0,59.2,0.4647,1.0,1.0,0.286,10.23
CD008063,1.4249,1.8736,1,Moderate,50.0,66.67,0.6667,0.0,4.14,35.2,0.0129,10.0,-0.57,0.1314,3.0,1.874,7.2,2.66,4.0,1.0,2.0,57.6,1.5,22.8,75.5,0.2237,1.0,0.92,0.7,2.383
CD008145,3.6043,-0.4122,1,Moderate,6.0,48.53,0.4853,0.0,3.39,89.4,0.0359,65.0,1.03,0.4018,3.0,3.201,11.369,20.83,3.0,1.0,3.0,65.4,4.6,21.8,62.8,0.2117,1.0,1.0,1.0,0.803
CD008165,3.3377,-1.455,1,Moderate,13.0,25.62,0.2562,0.0,3.53,83.6,0.0785,65.0,1.34,0.2873,2.0,-1.986,8.036,22.5,6.0,0.0,2.0,10.8,9.8,86.9,0.0,0.0114,1.0,1.0,0.846,2.3
CD008176,-3.1407,2.8768,2,Healthy,38.0,65.81,0.0,0.0,1.03,0.0,0.0,20.0,-1.14,0.0746,4.0,-1.021,10.337,0.0,0.0,0.0,2.0,47.8,72.7,0.0,27.3,0.148,0.0,1.0,0.211,16.646
CD008237,1.4353,-0.0866,1,Moderate,6.0,62.59,0.6259,0.0,2.71,53.2,0.0644,50.0,1.52,0.1413,3.0,3.329,11.339,12.5,1.0,1.0,1.0,22.1,17.2,45.9,30.3,0.084,1.0,1.0,1.0,1.398
CD008349,5.8026,1.2488,1,Moderate,68.0,47.85,0.4785,0.0,6.63,68.4,0.2229,65.0,8.08,0.1528,2.0,-1.154,42.423,11.15,12.0,1.0,3.0,62.1,1.7,71.7,25.3,0.1526,1.0,0.971,0.882,1.546
CD008469,-3.9842,-0.7197,2,Healthy,11.0,69.44,0.0,0.0,1.15,0.0,0.0,0.0,-0.28,0.1255,1.0,0.415,-0.342,0.0,0.0,0.0,0.0,0.0,100.0,0.0,0.0,0.3004,0.0,1.0,0.455,2.896
CD008493,0.9915,-0.5002,3,Pathological,10.0,65.37,0.013,0.0,2.67,53.4,0.0299,50.0,1.03,0.1817,4.0,-2.693,18.917,21.43,2.0,0.0,1.0,20.7,18.5,76.6,4.5,0.0,1.0,0.6,0.5,1.225
CD008552,0.8363,-1.6042,3,Pathological,5.0,69.58,0.3042,0.0,3.1,63.6,0.2673,25.0,0.47,0.2449,1.0,-1.216,1.085,0.0,0.0,0.0,2.0,114.8,14.5,38.2,43.1,0.35,1.0,1.0,1.0,1.631
CD008564,-2.9416,0.0207,2,Healthy,12.0,59.71,0.4029,0.0,1.19,0.7,0.0007,0.0,0.35,0.1135,1.0,0.447,-0.651,0.0,0.0,0.0,1.0,0.0,91.8,8.2,0.0,0.2254,1.0,0.917,0.417,3.221
CD008628,-3.9484,-0.7438,2,Healthy,9.0,70.0,0.0,0.0,1.21,0.0,0.0,0.0,-0.43,0.1456,1.0,0.732,2.99,0.0,0.0,0.0,0.0,0.0,100.0,0.0,0.0,0.248,0.0,0.889,0.444,2.684
CD008709,-2.2088,2.0745,2,Healthy,31.0,62.15,0.6215,0.0,1.04,0.0,0.0,0.0,-1.77,0.0934,2.0,0.877,1.01,14.29,7.0,1.0,1.0,0.0,100.0,0.0,0.0,0.1132,1.0,0.968,0.258,6.846
CD008858,3.287,1.216,1,Moderate,63.0,100.0,1.0,0.0,6.13,96.3,0.3548,50.0,-2.91,0.1496,3.0,0.974,0.008,2.08,2.0,1.0,3.0,31.7,2.0,70.3,16.6,0.115,0.0,0.889,0.81,1.384
CD008879,-1.2161,0.4822,2,Healthy,8.0,24.34,0.2434,0.0,1.25,0.0,0.0,10.0,0.19,0.1671,2.0,2.396,14.763,10.0,1.0,0.0,2.0,38.0,30.9,0.0,69.1,0.0246,1.0,0.875,0.625,2.51
CD009022,-2.4943,0.1526,2,Healthy,9.0,57.78,0.5778,0.0,1.21,0.0,0.0,0.0,-0.32,0.086,2.0,1.398,3.056,16.67,2.0,1.0,0.0,0.0,100.0,0.0,0.0,0.1727,1.0,1.0,0.667,2.56
CD009102,1.1722,-0.9684,3,Pathological,5.0,77.78,0.1667,0.0,2.92,57.1,0.1144,35.0,-0.41,0.3176,3.0,-3.043,27.197,18.75,1.0,0.0,3.0,4.5,30.6,68.4,0.6,0.0419,1.0,0.6,0.6,1.081
CD009235,-3.4815,1.4725,2,Healthy,31.0,66.67,0.0,0.0,1.04,0.0,0.0,20.0,-1.09,0.1055,4.0,-0.264,8.49,0.0,0.0,0.0,1.0,0.0,100.0,0.0,0.0,0.0861,0.0,0.71,0.194,6.333
CD009252,0.2421,-1.2783,3,Pathological,14.0,92.7,0.073,0.0,2.65,42.3,0.1747,40.0,2.24,0.1742,1.0,-0.507,1.649,0.0,0.0,0.0,1.0,70.1,15.4,71.7,3.0,0.0,1.0,1.0,0.714,2.448
CD009298,-1.8486,0.1347,2,Healthy,11.0,100.0,0.0,0.0,1.67,9.7,0.0046,10.0,0.46,0.1487,4.0,-1.259,5.923,0.0,0.0,0.0,2.0,11.4,46.7,50.9,2.3,0.0706,0.0,1.0,0.545,4.107
CD009362,-1.2303,1.3354,2,Healthy,27.0,100.0,1.0,0.0,1.8,7.5,0.0607,0.0,-1.26,0.1126,1.0,1.109,1.237,6.25,2.0,1.0,2.0,0.6,34.0,65.8,0.2,0.1852,0.0,1.0,0.333,4.875
CD009417,-0.183,-0.7165,3,Pathological,5.0,29.37,0.0556,0.0,2.68,33.7,0.0438,10.0,-0.44,0.1481,2.0,2.511,4.6,0.0,0.0,0.0,2.0,107.5,19.4,33.5,41.8,1.4348,1.0,1.0,1.0,2.842
CD009508,2.1754,-0.6767,1,Moderate,10.0,18.9,0.189,0.0,2.79,59.8,0.5647,55.0,2.36,0.2922,2.0,1.989,6.001,8.93,3.0,1.0,1.0,37.3,11.4,52.7,33.2,0.1155,1.0,0.9,0.7,1.328
CD009531,-3.7152,-0.7855,2,Healthy,8.0,66.67,0.0,0.0,1.25,0.0,0.0,0.0,-0.6,0.0594,1.0,0.793,-0.377,0.0,0.0,0.0,1.0,0.0,100.0,0.0,0.0,0.3017,0.0,1.0,0.75,1.761
CD009535,3.2209,0.5246,1,Moderate,9.0,46.03,0.4603,0.0,3.2,83.7,0.0466,65.0,1.52,0.1384,3.0,0.206,-0.152,41.67,5.0,1.0,3.0,40.6,6.9,41.8,47.5,0.0932,1.0,0.889,0.889,1.849
CD009609,1.0984,-0.1089,1,Moderate,8.0,55.38,0.5538,0.0,2.4,42.0,0.0877,30.0,0.16,0.2573,4.0,0.361,16.071,12.5,2.0,1.0,1.0,0.5,27.0,72.7,0.0,0.0479,1.0,0.75,0.625,1.726
CD009679,0.3009,-0.7433,3,Pathological,24.0,89.27,0.0197,0.0,3.2,50.8,0.4996,25.0,0.35,0.1301,2.0,-0.134,0.294,0.0,0.0,0.0,1.0,298.8,10.3,84.2,0.0,0.164,1.0,1.0,0.75,5.458
CD009730,-2.3321,-1.0927,2,Healthy,10.0,45.45,0.0332,0.0332,1.6,8.4,0.1151,0.0,-0.27,0.1384,1.0,-0.574,0.245,0.0,0.0,0.0,0.0,495.1,33.5,28.8,37.6,1.7155,0.0,1.0,0.6,2.999
CD009749,-3.215,1.5904,2,Healthy,25.0,100.0,0.0,0.0,1.06,0.0,0.0,10.0,0.21,0.1003,4.0,-0.482,11.143,0.0,0.0,0.0,2.0,40.0,82.5,0.0,17.5,0.289,0.0,0.88,0.4,8.092
CD009788,-0.5529,-0.8708,3,Pathological,5.0,20.9,0.209,0.0,1.97,6.0,0.0116,10.0,-0.13,0.2006,2.0,-6.726,46.383,12.5,1.0,0.0,3.0,16.0,47.4,22.4,29.9,0.0589,1.0,0.8,0.8,2.376
CD010001,0.6048,0.6407,1,Moderate,25.0,66.67,0.6667,0.0,2.54,21.3,0.0295,25.0,1.99,0.1326,2.0,0.544,0.391,4.55,2.0,1.0,1.0,15.5,12.5,60.2,26.9,0.1976,1.0,0.88,0.56,2.139
CD010145,-2.7171,0.2426,2,Healthy,9.0,73.33,0.7333,0.0,1.21,0.0,0.0,0.0,-1.6,0.0359,1.0,1.38,0.709,16.67,2.0,1.0,1.0,0.0,100.0,0.0,0.0,7.4156,1.0,1.0,0.889,2.521
CD010189,-1.2086,-2.4555,3,Pathological,6.0,62.59,0.0,0.0,2.41,33.7,0.0237,0.0,0.59,0.196,1.0,0.705,-0.747,0.0,0.0,0.0,0.0,0.0,34.2,64.9,0.0,0.1567,0.0,1.0,1.0,1.068
CD010216,-3.7723,-0.4737,2,Healthy,7.0,87.5,0.0,0.0,1.31,0.0,0.0,10.0,-0.25,0.1574,2.0,-0.119,3.502,0.0,0.0,0.0,0.0,0.0,100.0,0.0,0.0,0.2962,0.0,0.714,0.429,2.74
CD010290,-3.3134,-1.2483,2,Healthy,7.0,93.06,0.0694,0.0,1.31,0.0,0.0,0.0,-0.45,0.077,2.0,-0.35,-1.219,0.0,0.0,0.0,0.0,0.0,100.0,0.0,0.0,0.0,1.0,1.0,1.0,1.34
CD010779,-1.7819,-2.5853,3,Pathological,5.0,77.78,0.0,0.0,2.35,21.8,0.0298,0.0,-0.19,0.2293,1.0,-0.805,-0.364,0.0,0.0,0.0,0.0,0.0,47.7,52.2,0.0,2.4228,0.0,1.0,1.0,0.937
CD010856,3.2194,-2.2256,1,Moderate,12.0,68.99,0.6899,0.0,3.92,98.4,0.55,50.0,-2.0,0.4911,2.0,0.59,-0.384,4.17,1.0,1.0,1.0,15.7,7.4,80.9,9.5,0.7645,1.0,1.0,1.0,1.042
CD010966,-2.3878,3.9317,2,Healthy,67.0,100.0,1.0,0.0,1.02,0.0,0.0,10.0,-2.27,0.0639,4.0,1.216,11.504,1.56,1.0,1.0,2.0,10.8,74.2,0.0,25.8,0.0957,0.0,0.821,0.209,9.007
CD011039,1.3836,-3.0354,3,Pathological,5.0,67.99,0.0106,0.0,3.33,77.0,0.2468,40.0,0.99,0.3732,2.0,-1.171,1.155,6.25,0.0,0.0,0.0,0.0,23.2,74.5,0.0,0.0,1.0,0.8,1.0,0.672
CD011044,0.9048,0.7052,1,Moderate,26.0,100.0,1.0,0.0,3.19,37.1,0.0716,10.0,-0.06,0.132,2.0,0.855,2.12,4.35,2.0,1.0,3.0,3.9,10.6,86.4,0.0,0.1257,0.0,0.962,0.731,2.241
CD011120,-2.9688,-0.0609,2,Healthy,9.0,92.38,0.0095,0.0,1.21,0.0,0.0,10.0,0.6,0.0696,2.0,0.287,-0.551,0.0,0.0,0.0,1.0,26.9,83.3,0.0,16.7,0.0,1.0,1.0,0.667,3.324
CD011197,-3.8898,-0.8741,2,Healthy,6.0,90.48,0.0,0.0,1.42,0.0,0.0,0.0,-0.27,0.1467,2.0,-0.727,0.497,0.0,0.0,0.0,0.0,0.0,100.0,0.0,0.0,1.0662,0.0,1.0,0.5,1.606
CD011204,1.4146,-1.4424,1,Moderate,13.0,65.08,0.6508,0.0,3.39,68.4,0.0895,25.0,-1.74,0.1938,1.0,0.704,-0.635,0.0,0.0,1.0,1.0,0.8,10.8,87.6,0.0,0.3725,1.0,1.0,1.0,1.193
CD011381,5.2911,0.8537,1,Moderate,46.0,15.47,0.1547,0.0,5.26,68.4,0.2234,65.0,8.08,0.1613,2.0,0.333,0.901,13.95,12.0,1.0,3.0,27.2,3.6,89.6,6.1,0.0325,1.0,0.848,0.717,1.347
CD011535,0.8525,1.167,1,Moderate,38.0,100.0,1.0,0.0,3.3,29.2,0.2172,30.0,3.61,0.0789,2.0,-0.422,0.28,0.0,0.0,1.0,2.0,6.0,5.9,53.9,38.9,0.2316,0.0,1.0,0.868,5.405
CD011600,-2.2573,-0.4225,2,Healthy,5.0,70.37,0.7037,0.0,1.62,0.0,0.0,0.0,-0.56,0.1762,2.0,-1.642,1.533,25.0,1.0,1.0,0.0,0.0,100.0,0.0,0.0,0.1314,1.0,0.8,0.6,1.428
CD011626,-0.4964,-0.3892,3,Pathological,11.0,62.17,0.0648,0.0,2.19,30.0,0.3305,0.0,-0.19,0.1175,2.0,-0.222,-0.373,12.5,2.0,0.0,2.0,40.0,18.8,49.0,30.8,1.8487,1.0,1.0,0.818,3.463
CD011627,1.1691,-2.356,3,Pathological,8.0,86.77,0.0741,0.0,3.03,68.8,0.6937,45.0,2.1,0.3181,2.0,-0.366,0.676,0.0,0.0,0.0,0.0,24.2,16.2,79.4,4.4,0.0,1.0,0.875,0.875,0.931
CD011670,-0.3452,-1.4675,3,Pathological,7.0,71.63,0.0456,0.0,2.57,45.2,0.3688,0.0,-0.19,0.2431,2.0,1.22,1.527,0.0,0.0,0.0,1.0,0.0,25.7,73.1,0.0,0.5384,1.0,0.714,0.714,0.782
CD011671,0.9537,0.1328,1,Moderate,17.0,64.55,0.6455,0.0,2.43,25.3,0.0132,15.0,1.85,0.1837,2.0,-0.53,5.472,7.14,3.0,1.0,2.0,5.8,19.0,76.1,4.8,0.0454,1.0,0.941,0.647,2.211
CD011689,3.1803,1.0132,1,Moderate,31.0,100.0,1.0,0.0,4.52,86.6,0.288,75.0,1.24,0.2042,3.0,1.711,6.675,1.34,2.0,1.0,3.0,19.8,3.5,61.5,21.1,0.1357,0.0,0.935,0.742,1.758
CD011762,-1.7019,0.5016,2,Healthy,29.0,97.14,0.0,0.0,1.99,10.3,0.0417,10.0,-0.82,0.1187,2.0,0.8,3.086,0.0,0.0,0.0,2.0,166.5,22.1,58.0,19.1,0.3242,0.0,0.931,0.345,3.35
CD011778,3.6789,-0.5516,1,Moderate,38.0,64.35,0.6435,0.0,5.98,97.4,0.1838,50.0,-5.57,0.2978,1.0,0.933,1.003,2.86,3.0,1.0,3.0,41.9,2.1,66.7,22.0,0.2002,1.0,1.0,0.947,1.453
CD011793,-3.9546,-0.4186,2,Healthy,13.0,61.9,0.0,0.0,1.12,0.0,0.0,0.0,-0.43,0.1003,2.0,-0.419,-1.213,0.0,0.0,0.0,0.0,0.0,100.0,0.0,0.0,0.9159,0.0,1.0,0.462,3.224
CD011866,0.6033,1.1934,1,Moderate,28.0,100.0,1.0,0.0,2.7,25.5,0.0154,20.0,-0.16,0.1175,4.0,0.198,3.624,5.0,5.0,1.0,1.0,0.0,15.1,84.8,0.0,0.0395,0.0,0.964,0.643,3.258
CD011885,-0.1847,-1.7596,3,Pathological,7.0,79.56,0.1627,0.0,2.4,42.6,0.1411,25.0,1.4,0.1991,2.0,0.188,2.742,3.12,0.0,0.0,0.0,0.0,29.6,69.6,0.0,0.0,1.0,1.0,0.857,1.639
CD012067,4.3389,0.0622,1,Moderate,38.0,63.25,0.6325,0.0,5.64,94.0,1.0609,60.0,-3.09,0.2318,2.0,1.407,3.14,9.29,12.0,1.0,1.0,30.2,3.1,90.0,3.0,0.1759,1.0,1.0,0.842,1.896
CD012079,4.0714,1.4808,1,Moderate,52.0,20.01,0.5897,0.3896,4.7,48.9,0.7012,30.0,2.15,0.1168,2.0,0.882,-0.006,13.27,10.0,1.0,3.0,121.6,2.1,41.3,53.8,1.157,1.0,1.0,0.788,1.651
CD012170,2.1521,-0.2268,1,Moderate,8.0,34.22,0.6578,0.0,3.07,93.9,14.5461,50.0,0.82,0.1297,2.0,1.956,2.534,0.0,0.0,0.0,3.0,64.4,12.9,65.3,15.9,1.3474,1.0,1.0,1.0,2.027
CD012178,-2.8853,-1.0701,2,Healthy,5.0,61.11,0.0,0.0,1.62,0.0,0.0,0.0,-0.16,0.097,2.0,-1.132,-0.353,0.0,0.0,0.0,2.0,49.3,94.4,0.0,5.6,0.216,0.0,1.0,1.0,1.055
CD012186,5.099,1.9564,1,Moderate,105.0,69.18,0.6918,0.0,6.67,58.1,0.1822,65.0,11.79,0.118,3.0,-0.198,2.528,0.49,1.0,1.0,3.0,1.0,2.2,94.2,1.9,0.1077,1.0,0.895,0.619,1.871
CD012268,0.7427,1.9301,1,Moderate,21.0,26.41,0.6905,0.0,2.35,45.7,0.1552,20.0,-0.47,0.0955,7.0,0.84,16.286,4.17,2.0,0.0,2.0,61.2,16.9,64.7,0.0,0.1029,1.0,1.0,0.476,5.807
CD012445,0.3215,-3.467,3,Pathological,5.0,78.57,0.0,0.0,3.29,64.4,0.1929,15.0,0.77,0.4065,1.0,-0.248,-0.935,0.0,0.0,0.0,0.0,0.0,24.3,75.7,0.0,0.2275,0.0,1.0,1.0,0.785
CD012503,-0.9439,2.5889,2,Healthy,17.0,31.22,0.3122,0.0,1.23,0.8,0.0016,20.0,-1.29,0.1141,3.0,-2.941,14.576,10.71,4.0,1.0,2.0,36.3,25.6,7.2,67.0,0.0295,1.0,1.0,0.118,10.413
CD012570,-3.2183,0.2037,2,Healthy,10.0,45.45,0.0,0.0,1.18,0.0,0.0,20.0,-0.28,0.0482,3.0,-0.327,-1.038,0.0,0.0,0.0,1.0,67.9,93.8,0.0,6.2,0.1004,0.0,0.8,0.5,1.891
CD012586,-1.1026,2.9093,2,Healthy,42.0,64.82,0.3518,0.0,1.03,0.0,0.0,20.0,0.09,0.0622,3.0,2.652,18.048,5.13,4.0,0.0,3.0,48.9,33.8,0.0,58.1,0.0534,1.0,0.929,0.452,7.465
CD012623,-0.1279,-0.8902,3,Pathological,9.0,86.83,0.1317,0.0,2.12,25.9,0.0024,40.0,2.02,0.1984,2.0,2.855,26.534,4.17,0.0,0.0,1.0,0.0,32.3,67.7,0.0,0.0106,1.0,0.778,0.778,1.492
CD012635,-1.0656,-1.1843,3,Pathological,6.0,73.47,0.0,0.0,2.26,28.0,0.0169,10.0,-0.21,0.2762,3.0,0.856,15.915,0.0,0.0,0.0,1.0,0.0,39.2,60.6,0.0,0.1374,0.0,0.667,0.667,1.528
CD012693,-0.128,-1.0409,1,Moderate,8.0,54.32,0.5432,0.0,2.17,28.7,0.1469,0.0,-0.15,0.2095,1.0,0.386,0.585,27.5,3.0,1.0,0.0,0.3,33.0,66.9,0.0,0.2687,1.0,1.0,0.625,1.975
CD012712,-0.7228,2.5057,2,Healthy,20.0,100.0,1.0,0.0,1.07,0.0,0.0,40.0,6.19,0.0716,2.0,-2.599,6.84,2.94,1.0,1.0,2.0,9.2,17.1,0.0,82.9,0.0151,0.0,0.9,0.35,6.473
CD012718,2.6596,-2.7039,1,Moderate,5.0,64.55,0.6455,0.0,3.68,83.6,0.0559,30.0,-0.89,0.4779,1.0,-0.122,-1.043,18.75,2.0,1.0,1.0,0.0,19.5,80.3,0.0,0.1209,1.0,1.0,1.0,0.853
CD012850,-2.0727,-1.08,2,Healthy,5.0,66.67,0.0,0.0,2.01,9.5,0.0069,0.0,-0.18,0.2601,3.0,-1.409,9.206,0.0,0.0,0.0,1.0,0.0,64.9,35.0,0.0,0.3178,0.0,0.6,0.6,1.396
CD012891,2.634,0.0922,1,Moderate,13.0,62.81,0.6281,0.0,3.28,74.9,0.2034,35.0,0.91,0.2212,1.0,-0.873,0.168,17.5,6.0,1.0,3.0,46.5,4.9,37.2,55.8,0.4124,1.0,0.769,0.846,0.915
CD012905,1.6144,-0.0414,1,Moderate,12.0,50.18,0.5018,0.0,2.59,42.3,0.063,25.0,1.97,0.1714,2.0,2.398,14.001,19.44,4.0,1.0,2.0,5.0,18.9,79.1,1.8,0.1248,1.0,0.833,0.833,2.309
CD012925,1.5506,-2.0304,3,Pathological,6.0,44.22,0.0363,0.0227,3.26,79.7,0.0469,30.0,0.35,0.3301,2.0,-2.255,4.951,0.0,0.0,0.0,2.0,135.6,7.7,33.0,47.7,0.4515,1.0,1.0,1.0,1.208
CD012942,1.7726,-1.247,3,Pathological,36.0,61.0,0.0,0.0,4.39,51.7,0.0432,55.0,5.77,0.1514,2.0,-0.348,-0.621,0.0,0.0,0.0,1.0,23.9,5.6,93.9,0.4,0.0469,0.0,0.972,0.861,1.543
CD012993,-0.6369,-0.9191,3,Pathological,13.0,42.86,0.0476,0.0476,2.49,32.3,0.11,0.0,0.38,0.156,1.0,0.813,-0.361,10.0,2.0,0.0,1.0,221.7,5.3,21.0,73.3,0.5587,0.0,1.0,0.846,1.711
CD013042,0.0137,0.641,3,Pathological,13.0,64.63,0.0204,0.0,2.65,48.3,0.0093,10.0,-0.6,0.1333,3.0,5.132,29.596,0.0,0.0,0.0,3.0,70.7,11.4,52.0,22.8,0.232,1.0,1.0,0.615,3.634
CD013051,3.0775,0.1738,1,Moderate,7.0,53.17,0.5317,0.0,3.41,90.1,0.2259,50.0,-0.43,0.2635,3.0,3.454,11.23,31.25,4.0,1.0,3.0,56.3,5.4,31.3,52.4,0.6209,1.0,1.0,1.0,2.244
CD013052,-3.3771,-1.0295,2,Healthy,5.0,100.0,0.0,0.0,1.62,0.0,0.0,10.0,-0.22,0.1012,2.0,-3.065,13.747,0.0,0.0,0.0,1.0,0.0,100.0,0.0,0.0,0.0339,0.0,0.8,0.8,1.018
CD013054,1.1345,0.0732,1,Moderate,8.0,66.67,0.6667,0.0,2.59,47.4,0.0084,30.0,3.07,0.1487,2.0,-1.031,-0.622,0.0,0.0,1.0,2.0,52.6,2.8,9.3,87.0,0.2405,1.0,1.0,1.0,0.97
CD013059,-1.3133,-0.6406,2,Healthy,5.0,10.58,0.1058,0.0,1.62,0.0,0.0,0.0,-0.87,0.18,2.0,-1.89,3.148,25.0,1.0,0.0,3.0,15.6,66.3,0.0,33.7,0.0,1.0,1.0,0.8,1.439
CD013071,-4.0125,0.3125,2,Healthy,16.0,100.0,0.0,0.0,1.09,0.0,0.0,0.0,-0.95,0.1062,2.0,0.254,4.281,0.0,0.0,0.0,1.0,5.0,97.2,0.0,2.8,0.3084,0.0,0.875,0.375,4.34
CD013105,-0.2906,-2.0391,3,Pathological,5.0,68.52,0.037,0.0,2.9,49.3,0.4552,0.0,-0.2,0.1853,2.0,-1.277,-0.298,0.0,0.0,0.0,1.0,0.0,30.2,66.0,0.0,1.6195,1.0,1.0,1.0,1.056
CD013197,3.7666,-0.416,1,Moderate,64.0,60.61,0.0674,0.0024,6.25,69.2,1.2938,55.0,8.57,0.1247,3.0,-0.002,-0.843,0.0,0.0,0.0,2.0,62.1,2.6,95.0,2.2,0.9018,1.0,1.0,0.984,1.259
CD013232,-3.6322,2.5107,2,Healthy,121.0,59.02,0.0,0.0,1.01,0.0,0.0,10.0,-3.29,0.0709,1.0,0.125,1.686,0.0,0.0,0.0,1.0,0.0,100.0,0.0,0.0,0.229,0.0,0.876,0.132,10.504
CD013255,2.205,-0.8261,1,Moderate,9.0,66.35,0.6635,0.0,3.32,80.6,0.1356,45.0,1.05,0.3176,1.0,0.805,-0.24,0.0,0.0,1.0,2.0,45.0,2.5,16.8,79.0,0.4384,1.0,1.0,1.0,0.926
CD013278,-2.9427,0.3626,2,Healthy,12.0,76.19,0.2381,0.0,1.14,0.0,0.0,10.0,-0.77,0.1371,2.0,-2.336,6.815,0.0,0.0,0.0,2.0,0.0,100.0,0.0,0.0,0.1114,1.0,0.833,0.333,3.289
CD013295,4.1075,1.1332,1,Moderate,66.0,66.67,0.6667,0.0,5.27,52.3,0.206,55.0,8.56,0.1322,2.0,-0.371,0.827,3.97,6.0,1.0,2.0,16.2,3.4,87.8,7.9,0.1423,1.0,0.909,0.667,1.734
CD013332,0.6806,-1.4397,1,Moderate,10.0,60.61,0.6061,0.0,2.67,46.9,0.0966,0.0,0.0,0.1805,1.0,-1.3,1.241,17.86,4.0,1.0,0.0,0.0,19.2,79.3,0.0,0.4601,1.0,1.0,0.9,1.845
CD013342,0.5868,0.3913,1,Moderate,8.0,13.4,0.134,0.0,2.5,48.4,0.0826,10.0,-0.91,0.1116,3.0,2.543,6.748,15.0,3.0,0.0,3.0,28.3,17.8,53.3,25.5,0.0,1.0,0.875,0.625,1.632
CD013344,-3.7247,-1.2696,2,Healthy,6.0,66.67,0.0,0.0,1.42,0.0,0.0,0.0,-0.53,0.139,1.0,0.056,0.363,0.0,0.0,0.0,0.0,0.0,100.0,0.0,0.0,0.1256,0.0,0.833,0.667,1.413
CD013353,1.3807,-0.9223,1,Moderate,6.0,68.71,0.6871,0.0,3.26,73.9,2.4296,15.0,-1.76,0.2701,2.0,-0.56,-1.432,12.5,2.0,1.0,1.0,32.1,7.8,33.8,53.7,1.4804,1.0,1.0,1.0,1.888
CD013358,1.6808,-2.1733,3,Pathological,6.0,59.41,0.0794,0.0476,3.3,78.6,0.4363,30.0,0.85,0.3332,2.0,1.039,-0.758,0.0,0.0,0.0,2.0,39.6,15.8,70.0,0.0,0.891,1.0,1.0,1.0,1.149
CD013366,-3.3443,-0.6761,2,Healthy,7.0,100.0,0.0,0.0,1.4,1.3,0.0081,0.0,-0.31,0.2072,2.0,-0.505,2.377,0.0,0.0,0.0,1.0,0.0,87.6,12.4,0.0,0.0609,0.0,1.0,0.429,2.263
CD013396,-0.4873,-1.0513,3,Pathological,16.0,96.36,0.0,0.0,2.7,40.6,0.2353,10.0,0.32,0.1736,2.0,-0.61,1.272,7.69,2.0,0.0,1.0,7.5,16.4,83.4,0.2,0.2845,0.0,0.938,0.625,2.071
CD013408,0.7577,-1.6755,1,Moderate,5.0,29.1,0.291,0.0,2.67,34.9,0.0483,0.0,0.34,0.2398,2.0,1.423,0.783,50.0,2.0,1.0,1.0,0.0,36.9,63.0,0.0,0.1365,1.0,1.0,1.0,1.131
CD013414,1.0627,-0.3957,1,Moderate,15.0,68.75,0.6875,0.0,3.04,54.7,0.1791,25.0,-2.04,0.1263,2.0,0.738,-0.544,8.33,2.0,1.0,1.0,15.0,11.3,74.8,0.0,0.0232,1.0,1.0,0.933,3.217
CD013421,2.333,-0.089,1,Moderate,15.0,66.67,0.6667,0.0,3.17,60.4,0.1345,55.0,2.49,0.2017,2.0,-1.434,4.97,8.33,2.0,1.0,2.0,13.5,9.3,67.7,21.7,0.4537,1.0,0.733,0.733,1.197
CD013425,-1.2753,2.7136,2,Healthy,21.0,98.48,0.9848,0.0,1.07,0.0,0.0,25.0,1.14,0.0822,2.0,1.878,4.03,2.78,1.0,1.0,2.0,10.4,37.9,0.0,62.1,0.2316,1.0,0.857,0.286,5.385
CD013445,3.2955,2.4337,1,Moderate,39.0,66.63,0.6663,0.0,4.34,57.2,0.0068,75.0,2.05,0.1623,5.0,3.591,35.498,6.25,3.0,1.0,3.0,59.3,1.7,29.0,67.2,0.0388,1.0,0.923,0.692,1.978
CD013456,0.2257,-0.0286,1,Moderate,12.0,67.28,0.6728,0.0,1.94,17.6,0.0369,10.0,0.23,0.1749,3.0,-1.647,6.377,16.67,4.0,1.0,1.0,0.0,33.8,64.9,0.0,0.1485,1.0,0.917,0.75,2.949
CD013462,1.8249,-1.5204,3,Pathological,17.0,55.91,0.0071,0.0,3.33,62.2,0.7111,55.0,3.84,0.207,1.0,0.311,-0.174,12.5,2.0,0.0,1.0,64.5,8.9,74.1,15.5,0.0,1.0,0.882,0.824,1.154
CD013474,0.5028,-1.7908,3,Pathological,6.0,38.1,0.0,0.0,2.81,64.0,0.0504,50.0,1.59,0.2203,3.0,-1.06,2.618,0.0,0.0,0.0,0.0,78.3,20.5,60.4,15.7,0.1441,0.0,1.0,0.833,1.895
CD013539,-3.3465,1.624,2,Healthy,29.0,85.87,0.0,0.0,1.05,0.0,0.0,20.0,-0.73,0.101,3.0,-0.881,9.257,0.0,0.0,0.0,2.0,421.3,92.5,0.0,7.5,0.107,0.0,0.931,0.241,10.287
CD013541,-4.0701,-0.6756,2,Healthy,8.0,100.0,0.0,0.0,1.25,0.0,0.0,0.0,-0.36,0.0887,1.0,-0.002,-0.308,0.0,0.0,0.0,0.0,22.8,89.0,0.0,11.0,0.6402,0.0,1.0,0.5,1.995
CD013561,-0.5071,-2.6854,3,Pathological,5.0,88.36,0.0608,0.0,2.71,36.6,0.1155,0.0,0.64,0.2977,1.0,0.73,0.568,12.5,0.0,0.0,0.0,0.0,35.7,64.0,0.0,0.3776,1.0,0.8,1.0,0.782
CD013590,-3.4688,-1.374,2,Healthy,5.0,77.78,0.0,0.0,1.62,0.0,0.0,0.0,-0.46,0.1366,1.0,1.003,-0.248,25.0,1.0,0.0,0.0,0.0,100.0,0.0,0.0,0.9664,0.0,1.0,0.8,2.858
CD013591,0.5372,15.1264,0,Pathological,13.0,56.46,0.5646,0.0,2.66,91.0,15.7784,50.0,-2.92,0.0,9.0,28.924,6135.376,5.0,1.0,0.0,4.0,69.6,6.6,30.7,25.7,0.1743,1.0,0.923,0.385,48.722
CD013614,1.7702,-0.5735,1,Moderate,15.0,100.0,1.0,0.0,3.64,80.0,0.1341,40.0,0.78,0.2405,1.0,0.745,-0.479,0.0,0.0,1.0,2.0,12.4,5.3,52.6,37.5,0.1844,0.0,0.933,0.933,0.916
CD013643,1.3608,-1.3843,1,Moderate,6.0,46.94,0.4694,0.0,2.71,57.5,0.5311,25.0,0.32,0.2809,3.0,-0.024,0.568,25.0,3.0,1.0,0.0,0.0,27.4,72.6,0.0,1.1641,1.0,1.0,0.833,1.24
CD013672,1.0668,-1.8867,3,Pathological,7.0,66.87,0.0397,0.0,2.99,68.7,0.0265,25.0,-0.91,0.2898,2.0,2.423,5.696,18.75,0.0,0.0,2.0,30.5,15.3,64.3,0.0,0.0,1.0,1.0,1.0,1.59
CD013715,1.631,-0.2209,1,Moderate,7.0,33.73,0.3373,0.0,2.73,55.1,0.126,25.0,-0.71,0.2288,3.0,1.295,3.359,37.5,3.0,1.0,2.0,36.0,11.8,39.1,46.7,0.2791,1.0,1.0,0.857,2.008
CD013726,1.3105,-1.3919,3,Pathological,12.0,92.43,0.0611,0.0,3.22,69.0,0.5466,40.0,1.35,0.2559,2.0,-1.142,1.809,2.78,0.0,0.0,2.0,2.4,11.3,79.6,4.7,0.0,1.0,1.0,0.75,2.101
CD013748,-2.3657,-0.982,2,Healthy,8.0,24.69,0.2469,0.0,1.25,0.0,0.0,0.0,0.13,0.1375,2.0,-1.668,3.262,10.0,1.0,0.0,1.0,0.0,100.0,0.0,0.0,0.0517,1.0,0.875,0.875,2.034
CD013757,1.5585,-0.783,1,Moderate,6.0,33.79,0.3379,0.0,2.58,53.6,0.178,50.0,1.61,0.2762,3.0,0.058,11.238,8.33,1.0,1.0,1.0,5.6,29.4,68.1,2.4,0.0865,1.0,0.833,0.667,1.427
CD013763,-0.552,0.9021,2,Healthy,21.0,66.67,0.6667,0.0,2.1,14.3,0.0459,0.0,-1.28,0.0985,1.0,-0.484,-0.522,8.33,4.0,1.0,1.0,14.3,14.7,42.1,42.9,0.6102,1.0,0.952,0.381,2.346
CD013773,-2.6832,-0.0345,2,Healthy,7.0,65.28,0.6528,0.0,1.31,0.0,0.0,0.0,-1.43,0.0644,2.0,-0.589,1.873,12.5,1.0,1.0,0.0,0.0,100.0,0.0,0.0,0.0631,1.0,0.714,0.714,1.022
CD013781,-1.2945,1.8196,2,Healthy,14.0,55.45,0.5545,0.0,1.41,4.2,0.02,0.0,-0.62,0.111,2.0,-0.189,-0.94,9.09,2.0,1.0,2.0,22.8,31.1,19.2,49.5,0.2787,1.0,1.0,0.143,4.827
CD013789,1.4508,0.0093,3,Pathological,38.0,87.42,0.1172,0.0,3.85,41.9,0.0837,40.0,2.35,0.1485,4.0,-2.39,12.435,1.43,0.0,0.0,2.0,55.4,6.8,88.0,3.0,0.0558,1.0,0.974,0.711,3.575
CD013800,5.5086,0.7365,1,Moderate,48.0,62.55,0.6268,0.0013,6.13,98.8,0.107,65.0,1.95,0.2062,4.0,-0.869,2.819,9.44,12.0,1.0,2.0,33.4,2.7,91.9,3.7,0.2472,1.0,0.979,0.875,1.357
CD013821,4.3163,-0.4832,1,Moderate,22.0,75.43,0.2257,0.0028,4.38,91.0,0.2492,80.0,4.6,0.2291,3.0,-0.343,-1.271,11.18,6.0,1.0,2.0,13.2,5.9,93.4,0.4,0.4038,1.0,0.909,0.909,0.969
CD013822,3.1525,2.0341,1,Moderate,15.0,52.18,0.5218,0.0,3.53,94.5,0.0291,70.0,-1.77,0.3436,6.0,8.154,76.436,6.25,3.0,1.0,3.0,83.5,1.3,12.0,48.7,0.0815,1.0,1.0,0.6,3.811
CD013827,-1.8293,-0.6797,2,Healthy,14.0,71.11,0.0,0.0,1.91,14.4,0.0834,0.0,-0.7,0.1471,2.0,0.145,-1.051,13.64,2.0,0.0,0.0,49.4,24.3,47.7,27.9,0.3022,0.0,0.929,0.5,1.784
CD013830,-3.0563,0.5894,2,Healthy,7.0,98.81,0.0119,0.0,1.31,0.0,0.0,10.0,-0.7,0.1115,3.0,-0.636,7.488,25.0,2.0,0.0,1.0,0.0,100.0,0.0,0.0,0.0,1.0,1.0,0.429,7.658
CD013834,0.3645,-2.7629,3,Pathological,8.0,62.96,0.0,0.0,3.0,61.2,0.2173,30.0,1.76,0.2563,1.0,0.305,-0.809,0.0,0.0,0.0,0.0,0.0,17.3,82.7,0.0,0.1745,0.0,1.0,1.0,1.221
CD013844,-3.5775,-0.6968,2,Healthy,9.0,71.11,0.0222,0.0,1.21,0.0,0.0,0.0,-0.59,0.1384,1.0,0.108,-0.945,0.0,0.0,0.0,0.0,0.0,100.0,0.0,0.0,0.0,1.0,1.0,0.444,3.162
CD013875,-0.2152,-1.1912,1,Moderate,9.0,66.67,0.6667,0.0,2.13,24.0,0.0833,0.0,-0.09,0.1633,1.0,-0.518,-0.578,14.58,3.0,1.0,0.0,0.0,32.0,67.9,0.0,1.3832,1.0,1.0,0.889,1.421
CD014040,2.493,0.7047,1,Moderate,14.0,45.71,0.4571,0.0,3.45,76.5,0.0135,60.0,0.2,0.1181,3.0,1.692,15.309,6.82,4.0,1.0,2.0,54.8,5.6,48.0,42.7,0.0495,1.0,0.857,0.786,1.345
CD014089,-1.9992,-0.744,2,Healthy,6.0,16.33,0.1633,0.0,1.42,0.0,0.0,0.0,-0.83,0.1902,2.0,1.198,6.592,50.0,3.0,0.0,1.0,0.0,100.0,0.0,0.0,0.2376,1.0,0.667,0.667,1.38
CD014145,-1.1359,-1.3095,3,Pathological,6.0,91.61,0.0091,0.0,2.17,22.0,0.2127,0.0,-0.38,0.2125,3.0,-0.402,0.4,0.0,0.0,0.0,1.0,0.0,42.6,56.9,0.0,0.0,1.0,0.833,0.833,1.168
CD014300,2.4176,-1.4937,3,Pathological,9.0,80.16,0.0794,0.0,3.14,83.0,0.2909,90.0,2.5,0.2563,2.0,1.098,3.256,14.58,2.0,0.0,1.0,51.1,14.5,83.2,0.0,0.0,1.0,1.0,0.778,1.64
CD014428,2.6931,-0.2712,1,Moderate,6.0,93.2,0.932,0.0,3.25,89.8,36.1601,50.0,-0.93,0.3785,2.0,2.349,6.097,25.0,2.0,1.0,2.0,21.2,11.4,48.6,32.8,4.4112,1.0,1.0,1.0,1.138
CD014541,-0.6332,-1.4896,3,Pathological,5.0,49.21,0.4921,0.0,2.37,22.6,0.0377,0.0,-0.54,0.1754,2.0,-0.584,-1.364,0.0,0.0,1.0,0.0,0.0,46.8,53.1,0.0,0.2394,1.0,1.0,1.0,1.245
CD014544,-0.4859,-0.9661,3,Pathological,12.0,41.39,0.0,0.0,2.16,26.6,0.0768,10.0,-0.3,0.2039,3.0,0.545,16.331,0.0,0.0,0.0,2.0,1483.1,27.2,70.6,2.1,0.2728,0.0,0.833,0.667,2.969
CD014585,2.2712,0.4863,1,Moderate,12.0,30.77,0.4615,0.0,2.74,71.5,0.0188,65.0,2.81,0.2199,4.0,2.798,25.702,2.78,0.0,0.0,3.0,84.9,14.0,67.4,11.5,0.0347,1.0,0.833,0.583,2.254
CD014594,1.2199,-1.9156,1,Moderate,7.0,95.83,0.9583,0.0,3.06,69.4,0.0918,15.0,-0.67,0.2869,1.0,-0.115,-0.989,6.25,1.0,1.0,0.0,0.0,18.2,81.1,0.0,0.0247,1.0,1.0,1.0,1.114
CD014624,0.0262,3.7016,1,Moderate,38.0,66.67,0.6667,0.0,1.63,3.9,0.0025,20.0,-1.69,0.0968,5.0,1.178,5.78,6.43,6.0,1.0,2.0,44.3,6.6,9.8,83.6,0.1097,1.0,0.868,0.342,6.975
CD014666,2.3496,-2.3139,3,Pathological,6.0,76.87,0.0,0.0,3.03,79.5,0.1265,80.0,2.74,0.4963,3.0,-0.128,6.255,8.33,0.0,0.0,2.0,148.9,19.8,71.0,0.0,0.1353,0.0,0.833,0.833,1.007
CD014678,0.0217,-0.0942,1,Moderate,10.0,43.72,0.4372,0.0,1.94,18.7,0.0094,10.0,0.51,0.1705,2.0,1.894,8.549,17.86,3.0,1.0,1.0,11.7,32.9,56.7,10.0,0.0566,1.0,0.9,0.7,2.631
CD014713,0.0223,-2.0975,3,Pathological,5.0,56.35,0.0,0.0,2.88,48.7,0.068,20.0,0.87,0.2881,3.0,-4.144,55.759,0.0,0.0,0.0,1.0,0.0,31.7,68.2,0.0,0.1824,0.0,0.8,0.8,0.781
CD014722,-0.2074,-1.2824,1,Moderate,6.0,59.18,0.5918,0.0,2.14,21.1,0.0225,10.0,-0.04,0.1715,2.0,0.844,-0.917,33.33,1.0,1.0,0.0,0.0,43.0,55.5,0.0,0.1496,1.0,1.0,1.0,1.621
CD014741,0.8834,1.4301,1,Moderate,13.0,25.85,0.2585,0.0,2.54,42.4,0.01,20.0,-0.28,0.1023,5.0,1.411,47.841,6.25,2.0,1.0,2.0,46.7,10.0,41.2,47.4,0.0481,1.0,0.615,0.615,1.619
CD014758,2.5683,0.5027,1,Moderate,22.0,68.12,0.6812,0.0,3.76,60.3,0.0116,35.0,0.04,0.2155,3.0,1.236,7.559,5.26,3.0,1.0,3.0,16.6,6.9,78.9,12.0,0.044,1.0,0.955,0.773,2.292
CD014762,-0.7812,-0.1626,3,Pathological,7.0,86.31,0.0,0.0,2.41,46.4,0.0258,20.0,0.48,0.148,4.0,2.69,29.094,0.0,0.0,0.0,1.0,0.0,29.4,70.0,0.0,0.085,0.0,0.571,0.571,1.306
CD014763,-0.5596,0.773,2,Healthy,9.0,66.67,0.6667,0.0,1.21,0.0,0.0,30.0,3.28,0.1262,1.0,-0.157,0.036,8.33,1.0,1.0,1.0,24.4,9.5,0.0,90.5,2.8596,1.0,1.0,0.667,2.803
CD014769,-0.0336,2.1372,1,Moderate,27.0,54.99,0.5499,0.0,1.55,4.4,0.0053,35.0,1.29,0.0847,4.0,-0.275,2.002,8.33,4.0,1.0,2.0,0.1,45.5,54.1,0.0,0.0157,1.0,0.926,0.296,5.061
CD014792,-3.5934,-0.2037,2,Healthy,11.0,100.0,0.0,0.0,1.15,0.0,0.0,0.0,-0.68,0.074,2.0,1.23,2.45,0.0,0.0,0.0,1.0,16.8,81.4,0.0,18.6,0.1851,0.0,0.909,0.727,2.164
CD014803,-3.4123,-1.2652,2,Healthy,5.0,55.56,0.0,0.0,1.62,0.0,0.0,0.0,-0.15,0.1419,2.0,1.283,-0.123,0.0,0.0,0.0,0.0,0.0,100.0,0.0,0.0,0.6087,0.0,1.0,0.8,1.341
CD014820,-0.472,0.0491,3,Pathological,17.0,57.67,0.0,0.0,2.06,18.1,0.0106,45.0,1.44,0.1313,3.0,-2.488,9.946,0.0,0.0,0.0,2.0,116.4,21.3,55.4,22.5,0.0906,0.0,0.882,0.529,3.418
CD014833,0.7181,-1.3906,3,Pathological,5.0,66.14,0.0608,0.0,3.09,59.8,0.0399,25.0,-0.62,0.2979,2.0,4.255,16.706,12.5,0.0,0.0,2.0,27.2,21.1,55.4,0.0,0.0,1.0,1.0,0.8,1.287
CD014844,-0.4143,-1.7512,3,Pathological,6.0,62.13,0.0317,0.0,2.62,48.2,0.1509,10.0,0.41,0.1775,2.0,-0.402,-0.706,0.0,0.0,0.0,0.0,38.8,24.6,59.6,14.8,0.0,1.0,1.0,0.833,1.645
CD014845,0.4105,2.217,1,Moderate,20.0,64.4,0.644,0.0,1.88,11.6,0.0004,50.0,2.03,0.1054,4.0,-3.17,13.154,5.88,1.0,1.0,2.0,29.7,10.1,20.9,68.8,0.0106,1.0,0.95,0.35,5.688
CD014855,-0.3518,-1.765,3,Pathological,7.0,86.31,0.0,0.0,2.74,51.2,0.3961,15.0,0.77,0.223,2.0,0.652,-1.231,0.0,0.0,0.0,1.0,37.2,22.7,76.3,0.6,1.5197,0.0,1.0,0.857,1.778
CD014869,-0.1071,-1.5703,3,Pathological,8.0,83.6,0.0,0.0,2.26,44.0,0.0027,45.0,1.66,0.2542,3.0,-6.37,68.445,2.5,0.0,0.0,1.0,0.0,30.4,69.6,0.0,0.0201,0.0,0.875,0.625,2.48
CD014871,1.5548,-1.4897,1,Moderate,8.0,65.96,0.6596,0.0,2.9,56.8,0.0072,15.0,0.62,0.2512,2.0,-0.189,-1.69,20.0,2.0,1.0,1.0,0.0,18.5,81.5,0.0,0.0533,1.0,1.0,1.0,0.912
CD014872,0.1804,-1.1337,1,Moderate,13.0,69.05,0.6905,0.0,2.71,39.3,0.0816,0.0,-0.15,0.151,1.0,-0.152,-0.52,5.0,1.0,1.0,0.0,0.0,17.2,82.7,0.0,0.3004,1.0,1.0,0.846,2.182
CD014889,-2.033,-1.4544,2,Healthy,5.0,37.04,0.3704,0.0,1.62,0.0,0.0,0.0,-0.27,0.1623,1.0,0.435,-0.095,25.0,1.0,1.0,0.0,0.0,100.0,0.0,0.0,0.1853,1.0,1.0,1.0,1.107
CD014914,0.8983,1.0291,1,Moderate,16.0,65.55,0.6555,0.0,2.73,44.2,0.0292,20.0,-0.41,0.1412,2.0,2.483,6.813,7.69,3.0,1.0,2.0,44.5,5.4,28.2,63.9,0.0883,1.0,0.812,0.688,1.722
CD014932,1.2739,-2.1678,3,Pathological,7.0,88.29,0.1171,0.0,3.04,69.7,1.9648,25.0,0.3,0.3687,2.0,-1.553,3.348,12.5,0.0,0.0,2.0,34.7,16.6,72.5,3.5,0.0,1.0,1.0,0.857,1.491
CD014937,4.9249,2.3162,1,Moderate,66.0,65.25,0.6525,0.0,5.35,70.2,0.0991,65.0,16.37,0.1614,6.0,-1.895,8.358,0.0,0.0,1.0,3.0,57.1,2.1,56.3,36.8,0.0233,1.0,0.712,0.545,1.553
CD014959,1.5717,-2.485,3,Pathological,5.0,51.85,0.0053,0.0,3.26,78.0,0.4749,50.0,0.17,0.3161,3.0,-4.24,21.146,0.0,0.0,0.0,1.0,0.0,21.9,66.5,0.0,0.9325,1.0,0.8,1.0,0.758
CD014964,4.2139,1.06,1,Moderate,54.0,66.67,0.6667,0.0,5.93,74.5,0.0461,65.0,3.43,0.181,2.0,1.07,2.297,3.68,4.0,1.0,3.0,32.3,1.7,53.8,40.1,0.3253,1.0,0.926,0.815,1.657
CD014965,-2.5174,0.1571,2,Healthy,8.0,81.48,0.8148,0.0,1.25,0.0,0.0,0.0,0.31,0.1205,2.0,0.18,2.701,10.0,1.0,1.0,0.0,0.0,100.0,0.0,0.0,0.0458,1.0,0.875,0.625,2.112
CD014966,4.0741,0.3234,1,Moderate,28.0,75.59,0.2441,0.0,4.38,91.1,0.0386,90.0,7.81,0.2074,5.0,-0.777,4.405,9.0,4.0,0.0,2.0,45.2,5.1,83.4,0.2,0.0477,1.0,0.893,0.643,2.358
CD014967,-3.4512,-0.9362,2,Healthy,5.0,100.0,0.0,0.0,1.62,0.0,0.0,0.0,-0.4,0.1979,2.0,-1.165,0.565,0.0,0.0,0.0,1.0,0.0,100.0,0.0,0.0,0.1722,0.0,0.8,0.6,1.29
CD015003,-0.0223,-0.281,3,Pathological,10.0,5.77,0.0577,0.0,2.24,33.4,0.2923,10.0,-1.88,0.1391,1.0,1.978,3.744,19.64,1.0,0.0,3.0,45.2,12.9,34.0,48.6,0.5333,1.0,1.0,0.7,1.829
CD015014,-2.5976,1.7062,2,Healthy,24.0,37.33,0.0,0.0,1.06,0.0,0.0,20.0,-0.76,0.0916,4.0,0.79,7.359,0.0,0.0,0.0,2.0,61.6,65.3,0.0,34.7,0.1633,0.0,0.833,0.333,6.463
CD015038,-0.614,-0.8295,2,Healthy,9.0,56.98,0.5698,0.0,1.9,16.5,0.3964,0.0,0.5,0.1412,1.0,0.429,-1.048,14.58,3.0,1.0,0.0,0.0,40.3,59.6,0.0,1.1345,1.0,1.0,0.778,1.834
CD015040,0.8619,-1.8156,3,Pathological,7.0,52.58,0.0516,0.0,2.88,62.8,0.2603,15.0,-0.58,0.2119,1.0,-1.553,1.731,37.5,4.0,0.0,1.0,75.9,8.7,33.2,54.9,0.0,1.0,1.0,1.0,1.227
CD015042,-2.359,-0.3188,2,Healthy,7.0,70.83,0.0,0.0,1.31,0.0,0.0,10.0,-0.37,0.069,2.0,-0.796,-1.085,0.0,0.0,0.0,1.0,97.2,23.1,0.0,76.9,0.0387,0.0,1.0,0.857,1.789
CD015083,4.4314,1.8079,1,Moderate,67.0,93.28,0.9328,0.0,5.99,59.4,0.0303,55.0,7.66,0.1463,4.0,2.784,29.507,2.34,2.0,1.0,3.0,23.2,2.7,90.2,5.9,0.1933,1.0,0.955,0.791,1.85
CD015087,-0.1584,-1.4407,3,Pathological,7.0,84.13,0.0754,0.0,2.35,37.9,0.0917,20.0,-0.27,0.1412,2.0,-2.665,7.735,31.25,2.0,0.0,1.0,17.2,27.5,60.7,10.6,0.0,1.0,1.0,0.857,1.924
CD015120,-3.6001,-0.9263,2,Healthy,5.0,94.44,0.0,0.0,1.62,0.0,0.0,0.0,-0.16,0.109,1.0,1.614,1.928,0.0,0.0,0.0,1.0,0.0,100.0,0.0,0.0,0.9373,0.0,0.8,0.8,1.107
CD015122,0.2897,-0.1117,1,Moderate,9.0,46.83,0.4683,0.0,2.18,26.1,0.1527,0.0,0.94,0.1545,2.0,-0.305,-1.648,8.33,1.0,1.0,2.0,51.6,7.6,17.3,74.9,0.2312,1.0,1.0,1.0,1.293
CD015124,-1.9096,0.2846,2,Healthy,8.0,96.3,0.963,0.0,1.25,0.0,0.0,0.0,-0.78,0.107,1.0,0.724,-0.63,10.0,1.0,1.0,0.0,10.3,42.5,0.0,57.5,0.0506,1.0,1.0,0.75,1.936
CD015134,-1.3705,-0.4323,2,Healthy,6.0,82.77,0.1723,0.0,2.02,17.3,0.0067,20.0,0.12,0.0998,2.0,0.798,6.016,8.33,0.0,0.0,1.0,1.7,49.0,50.8,0.2,0.0772,1.0,0.833,0.667,3.083
CD015140,0.1785,-2.3629,3,Pathological,5.0,66.67,0.0,0.0,3.02,55.3,0.0904,25.0,0.73,0.2661,2.0,-1.962,3.07,0.0,0.0,0.0,1.0,76.9,24.9,61.2,13.5,0.2281,0.0,1.0,1.0,1.173
CD015192,-1.8047,-2.3659,3,Pathological,6.0,80.95,0.0,0.0,2.17,22.5,0.3275,0.0,-0.23,0.2089,1.0,0.313,-0.988,0.0,0.0,0.0,0.0,38.5,41.1,55.1,3.8,2.7979,0.0,1.0,1.0,1.015
CD015213,-2.657,0.4666,2,Healthy,12.0,66.67,0.6667,0.0,1.14,0.0,0.0,0.0,-1.67,0.1119,2.0,2.109,5.921,11.11,2.0,1.0,0.0,0.0,100.0,0.0,0.0,0.6925,1.0,1.0,0.667,4.714
CD015219,2.3873,0.4948,1,Moderate,18.0,37.59,0.3759,0.0,3.44,63.8,0.0844,35.0,0.49,0.2089,4.0,2.314,9.852,13.33,4.0,1.0,2.0,81.7,5.1,46.4,40.3,0.0354,1.0,0.889,0.833,1.515
CD015229,-0.4303,6.5383,0,Pathological,9.0,100.0,1.0,0.0,2.32,39.2,133.9189,20.0,-2.39,0.0926,7.0,20.653,453.07,8.33,1.0,1.0,2.0,7.5,16.0,43.3,32.4,17.5644,0.0,1.0,0.667,2.019
CD015252,-1.3183,1.2521,2,Healthy,7.0,31.55,0.3155,0.0,1.31,0.0,0.0,10.0,-1.05,0.0732,2.0,-2.847,6.852,12.5,1.0,1.0,2.0,32.2,26.4,0.0,73.6,0.0022,1.0,1.0,0.429,5.294
CD015254,2.7685,-1.2329,1,Moderate,10.0,31.6,0.316,0.0,2.98,63.5,0.0129,65.0,2.58,0.326,3.0,-1.121,16.565,14.29,2.0,1.0,1.0,11.2,14.7,79.4,5.6,0.0303,1.0,0.8,0.8,1.109
CD015255,3.1066,-1.3236,1,Moderate,7.0,8.53,0.0853,0.0,3.12,81.5,0.0806,50.0,-0.04,0.3282,3.0,-4.436,22.907,34.38,4.0,0.0,4.0,69.2,7.5,34.7,45.8,0.0441,1.0,1.0,1.0,0.944
CD015284,1.6026,-1.9157,3,Pathological,5.0,23.54,0.2354,0.0,3.31,70.8,0.1602,15.0,0.41,0.2596,1.0,0.376,-1.511,43.75,2.0,0.0,2.0,31.6,15.5,48.7,33.8,0.3015,1.0,1.0,1.0,1.455
CD015314,2.2858,0.5894,1,Moderate,21.0,66.67,0.6667,0.0,3.64,68.1,0.1108,35.0,0.01,0.1695,2.0,1.907,6.662,4.17,3.0,1.0,3.0,30.3,5.1,54.7,32.5,0.3044,1.0,0.905,0.81,1.493
CD015326,-0.0022,0.2902,1,Moderate,16.0,66.67,0.6667,0.0,2.07,17.9,0.0009,10.0,0.61,0.1351,2.0,-0.609,1.514,11.54,5.0,1.0,0.0,16.4,19.1,49.1,31.6,0.0004,1.0,1.0,0.625,3.081
CD015328,3.6374,1.2537,1,Moderate,27.0,22.05,0.2205,0.0,3.84,71.9,0.0307,65.0,3.36,0.1804,11.0,-7.497,299.102,3.12,1.0,0.0,3.0,4.4,7.0,87.1,0.0,0.1317,1.0,1.0,0.778,2.994
CD015330,-2.6287,1.3218,2,Healthy,11.0,72.22,0.0,0.0,1.15,0.0,0.0,20.0,0.61,0.1206,2.0,6.896,72.826,0.0,0.0,0.0,2.0,76.6,56.9,0.0,43.1,0.0532,0.0,0.909,0.455,5.386
CD015331,-1.1317,3.732,2,Healthy,48.0,75.51,0.7551,0.0,1.03,0.0,0.0,20.0,0.07,0.0921,4.0,0.495,3.412,7.78,8.0,1.0,1.0,11.7,66.9,0.0,33.1,0.0096,1.0,0.896,0.167,9.796
CD015332,-2.9856,-0.7084,2,Healthy,5.0,94.44,0.0556,0.0,1.62,0.0,0.0,10.0,-0.36,0.0482,3.0,-2.454,13.056,0.0,0.0,0.0,1.0,0.0,100.0,0.0,0.0,3.1848,1.0,1.0,1.0,2.066
CD015350,0.8884,-1.6097,3,Pathological,9.0,91.43,0.0381,0.0,2.84,58.4,0.6689,50.0,1.22,0.2334,2.0,1.194,5.439,0.0,0.0,0.0,1.0,33.0,17.0,76.8,0.0,0.0,1.0,1.0,0.889,1.763
CD015373,-2.5914,-2.3173,3,Pathological,5.0,71.43,0.0,0.0,2.02,10.9,0.197,0.0,-0.19,0.2124,1.0,-0.699,-0.885,0.0,0.0,0.0,0.0,0.0,64.5,35.5,0.0,9.1897,0.0,1.0,1.0,0.947
CD015383,-2.2103,-1.157,2,Healthy,5.0,51.85,0.5185,0.0,1.62,0.0,0.0,0.0,0.19,0.0842,1.0,-0.781,-0.737,25.0,1.0,1.0,0.0,0.0,100.0,0.0,0.0,0.4913,1.0,1.0,1.0,0.86
CD015387,0.3265,1.0991,1,Moderate,21.0,66.67,0.6667,0.0,1.98,12.6,0.0076,35.0,1.33,0.1041,2.0,-1.278,3.927,4.86,2.0,1.0,2.0,13.3,21.2,51.2,26.1,0.0867,1.0,0.905,0.571,4.499
CD015432,1.4308,-1.8155,3,Pathological,8.0,51.85,0.0035,0.0035,2.92,75.0,0.1459,75.0,2.26,0.3003,2.0,-2.13,7.918,0.0,0.0,0.0,1.0,95.0,13.2,59.3,24.4,0.1913,0.0,0.75,0.75,1.133
CD015443,2.0531,0.2867,1,Moderate,19.0,68.33,0.6833,0.0,3.2,51.4,0.2037,40.0,1.95,0.1616,3.0,-1.248,5.044,0.0,0.0,1.0,3.0,2.0,10.6,83.6,3.8,0.1571,1.0,1.0,0.789,2.838
CD015448,-0.1172,1.8053,3,Pathological,7.0,68.85,0.0198,0.0,2.27,29.9,2.8437,20.0,-1.38,0.1656,5.0,11.136,183.217,25.0,2.0,0.0,2.0,46.6,20.2,40.5,31.7,0.0,1.0,1.0,0.857,10.181
CD015476,2.9,-0.3284,1,Moderate,15.0,68.55,0.6855,0.0,3.31,64.0,0.012,65.0,2.41,0.163,2.0,-0.46,-1.176,12.5,4.0,1.0,2.0,5.3,10.1,81.1,6.9,0.1144,1.0,1.0,0.933,1.192
CD015518,2.0899,-0.4362,1,Moderate,12.0,66.67,0.6667,0.0,3.57,77.1,0.1556,30.0,-3.19,0.1755,2.0,-2.422,4.602,11.11,2.0,1.0,3.0,26.4,8.9,79.2,2.7,0.2231,1.0,1.0,0.917,3.397
CD015520,-1.9057,-0.8936,2,Healthy,5.0,42.59,0.4259,0.0,1.62,0.0,0.0,0.0,-0.35,0.0968,2.0,1.052,-0.604,50.0,2.0,1.0,0.0,0.0,100.0,0.0,0.0,0.0854,1.0,1.0,1.0,1.508
CD015532,1.0709,-1.7911,3,Pathological,11.0,66.8,0.086,0.0,2.87,52.6,0.1123,45.0,2.71,0.1961,1.0,1.149,0.713,0.0,0.0,0.0,1.0,2150.7,8.7,45.0,45.3,0.0,1.0,0.909,0.909,1.206
CD015536,-0.077,-2.01,3,Pathological,10.0,82.54,0.0231,0.0,2.62,44.5,0.4929,15.0,1.22,0.2107,2.0,-0.205,-1.307,0.0,0.0,0.0,0.0,0.0,20.2,79.7,0.0,0.0703,1.0,0.9,0.9,1.112
CD015584,0.3872,0.3053,3,Pathological,13.0,66.67,0.0,0.0,2.66,42.0,0.0006,50.0,2.24,0.2183,3.0,4.487,32.0,0.0,0.0,0.0,2.0,203.4,4.6,21.1,73.9,0.0547,0.0,0.923,0.692,2.112
CD015588,0.0491,1.8614,1,Moderate,16.0,68.63,0.6863,0.0,2.14,21.2,0.0065,20.0,-0.85,0.0794,6.0,-0.407,13.608,3.85,2.0,1.0,1.0,4.6,25.3,71.3,2.4,0.0717,1.0,0.938,0.5,6.636
CD015636,-2.0122,-0.5139,2,Healthy,5.0,77.78,0.7778,0.0,1.62,0.0,0.0,0.0,0.7,0.1256,2.0,-1.062,-0.637,0.0,0.0,1.0,1.0,0.6,98.4,0.0,1.6,0.2743,1.0,1.0,1.0,1.182
CD015673,-2.4835,0.7823,2,Healthy,14.0,91.85,0.0815,0.0,1.11,0.0,0.0,20.0,-0.97,0.087,3.0,1.624,5.964,27.27,5.0,0.0,1.0,0.0,100.0,0.0,0.0,0.0455,1.0,0.786,0.571,4.144
CD015721,-0.6856,-0.6576,3,Pathological,6.0,41.5,0.0,0.0,2.33,27.6,0.0019,10.0,-0.34,0.199,3.0,1.897,7.695,0.0,0.0,0.0,2.0,140.4,21.3,36.5,38.9,0.4956,0.0,1.0,0.833,1.763
CD015746,1.276,-1.7009,1,Moderate,6.0,71.43,0.7143,0.0,3.01,66.6,0.191,25.0,0.87,0.2878,1.0,0.048,-0.1,12.5,1.0,1.0,0.0,5.4,19.6,68.9,10.7,0.5788,1.0,1.0,0.833,1.287
CD015779,-2.0157,0.4986,2,Healthy,6.0,60.32,0.6032,0.0,1.42,0.0,0.0,0.0,-0.44,0.0866,2.0,-2.213,3.289,33.33,2.0,1.0,2.0,0.0,100.0,0.0,0.0,0.2226,1.0,0.833,0.5,1.448
CD015786,-1.1607,1.0841,2,Healthy,10.0,78.79,0.7879,0.0,1.18,0.0,0.0,0.0,-1.51,0.0626,2.0,2.019,3.61,14.29,2.0,1.0,1.0,64.6,6.5,0.0,93.5,1.7111,1.0,1.0,0.9,2.459
CD015788,1.3885,-1.4237,3,Pathological,8.0,15.87,0.1587,0.0,3.01,70.4,0.0294,15.0,0.39,0.2548,2.0,1.299,0.793,15.0,1.0,0.0,2.0,56.9,8.3,39.9,48.9,0.0033,1.0,1.0,1.0,1.034
CD015804,-2.6976,-0.6098,2,Healthy,8.0,96.3,0.0,0.0,1.41,3.2,0.0003,10.0,0.59,0.1816,3.0,-2.31,25.906,0.0,0.0,0.0,1.0,9.9,75.8,21.5,2.7,0.0484,0.0,0.75,0.625,2.574
CD015824,-1.8954,0.1064,2,Healthy,5.0,67.99,0.6799,0.0,1.62,0.0,0.0,0.0,0.7,0.1967,2.0,2.272,15.569,25.0,1.0,1.0,1.0,0.0,100.0,0.0,0.0,0.1818,1.0,0.8,0.6,1.506
CD015849,-0.2917,1.1024,1,Moderate,7.0,45.63,0.4563,0.0,2.04,22.9,0.0071,20.0,0.51,0.0343,3.0,3.16,26.837,18.75,2.0,1.0,1.0,0.0,41.2,58.7,0.0,0.0418,1.0,1.0,0.857,10.951
CD015854,-3.7473,-1.4231,2,Healthy,5.0,88.89,0.0556,0.0,1.62,0.0,0.0,0.0,-0.45,0.1199,1.0,0.776,-0.53,0.0,0.0,0.0,0.0,0.0,100.0,0.0,0.0,16.2928,1.0,1.0,1.0,0.942
CD015894,1.3736,-2.1425,1,Moderate,7.0,66.67,0.6667,0.0,3.0,62.0,0.1048,15.0,-0.14,0.2846,1.0,0.025,-1.02,25.0,2.0,1.0,0.0,0.0,19.1,80.9,0.0,0.2113,1.0,1.0,1.0,1.015
CD015932,3.5544,-0.2815,1,Moderate,10.0,58.01,0.5801,0.0,3.31,94.3,0.0471,65.0,1.49,0.3461,4.0,-0.541,0.787,17.86,4.0,1.0,2.0,1.6,10.1,70.3,9.7,0.2419,1.0,0.7,0.7,1.077
CD016031,-3.2174,1.4887,2,Healthy,28.0,85.39,0.0115,0.0,1.05,0.0,0.0,0.0,-0.12,0.0789,2.0,-0.263,-1.168,0.0,0.0,0.0,1.0,47.8,45.3,0.0,0.0,1.4009,1.0,1.0,0.214,11.752
CD016064,-2.687,-0.3158,2,Healthy,5.0,64.29,0.0,0.0,1.62,0.0,0.0,0.0,-0.31,0.1351,1.0,1.559,1.787,0.0,0.0,0.0,1.0,68.5,36.1,0.0,63.9,0.8009,0.0,1.0,0.6,2.307
CD016119,0.0929,-0.0189,1,Moderate,16.0,83.94,0.8394,0.0,2.57,33.0,0.0973,10.0,-0.6,0.1242,2.0,-0.349,-0.564,5.77,2.0,1.0,0.0,32.5,13.6,61.7,23.1,0.209,1.0,1.0,0.75,3.454
CD016131,-2.6682,-1.4695,2,Healthy,5.0,88.89,0.0556,0.0,1.62,0.0,0.0,0.0,-0.66,0.1118,2.0,-0.005,1.152,50.0,2.0,0.0,0.0,0.0,100.0,0.0,0.0,0.2141,1.0,0.8,1.0,0.769
CD016136,2.675,-0.4388,1,Moderate,30.0,98.92,0.9892,0.0,4.75,78.1,0.296,40.0,-1.19,0.2372,2.0,0.99,1.782,1.85,2.0,1.0,1.0,3.3,4.7,93.2,0.0,0.5119,1.0,0.967,0.833,1.532
CD016211,-1.8515,1.0043,2,Healthy,5.0,83.33,0.8333,0.0,1.62,0.0,0.0,20.0,-0.4,0.0726,2.0,6.808,47.748,50.0,1.0,1.0,1.0,0.0,100.0,0.0,0.0,0.3897,1.0,1.0,0.8,5.397
